bw6_coldflare_039.jpg,https://cards.image.pokemonkorea.co.kr/data/wmimages/BW/BW6/bw6_coldflare_039.jpg?w=512
XY9_057.jpg,https://cards.image.pokemonkorea.co.kr/data/wmimages/XY/XY9/XY9_057.jpg?w=512
XY9_086.jpg,https://cards.image.pokemonkorea.co.kr/data/wmimages/XY/XY9/XY9_086.jpg?w=512
XY9_058.jpg,https://cards.image.pokemonkorea.co.kr/data/wmimages/XY/XY9/XY9_058.jpg?w=512
XY9_087.jpg,https://cards.image.pokemonkorea.co.kr/data/wmimages/XY/XY9/XY9_087.jpg?w=512
SM6B_041.png,https://cards.image.pokemonkorea.co.kr/data/wmimages/SM/SM6B/SM6B_041.png?w=512
SM6B_071.png,https://cards.image.pokemonkorea.co.kr/data/wmimages/SM/SM6B/SM6B_071.png?w=512
SM8b_233.png,https://cards.image.pokemonkorea.co.kr/data/wmimages/SM/SM8B/SM8b_233.png?w=512
SM30A_051.png,https://cards.image.pokemonkorea.co.kr/data/wmimages/SM/SM30A/SM30A_051.png?w=512
SM8_0061.png,https://cards.image.pokemonkorea.co.kr/data/wmimages/SM/SM8/SM8_0061.png?w=512
S2_072.png,https://cards.image.pokemonkorea.co.kr/data/wmimages/S/S2/S2_072.png?w=512
S3_066.png,https://cards.image.pokemonkorea.co.kr/data/wmimages/S/S3/S3_066.png?w=512
S3_107.png,https://cards.image.pokemonkorea.co.kr/data/wmimages/S/S3/S3_107.png?w=512
S3_067.png,https://cards.image.pokemonkorea.co.kr/data/wmimages/S/S3/S3_067.png?w=512
S11a_044.png,https://cards.image.pokemonkorea.co.kr/data/wmimages/S/S11a/S11a_044.png?w=512
SV3_077.png,https://cards.image.pokemonkorea.co.kr/data/wmimages/SV/SV3/SV3_077.png?w=512
SV3_116.png,https://cards.image.pokemonkorea.co.kr/data/wmimages/SV/SV3/SV3_116.png?w=512
SV4a_129.png,https://cards.image.pokemonkorea.co.kr/data/wmimages/SV/SV4a/SV4a_129.png?w=512
SV4a_299.png,https://cards.image.pokemonkorea.co.kr/data/wmimages/SV/SV4a/SV4a_299.png?w=512
SV5M_044.png,https://cards.image.pokemonkorea.co.kr/data/wmimages/SV/SV5M/SV5M_044.png?w=512
SV5M_089.png,https://cards.image.pokemonkorea.co.kr/data/wmimages/SV/SV5M/SV5M_089.png?w=512
bs8_ko_7.jpg,https://cards.image.pokemonkorea.co.kr/data/wmimages/DP/BS8/bs8_ko_7.jpg?w=512
