bw1_fs_g_023.jpg,https://cards.image.pokemonkorea.co.kr/data/wmimages/BW/FS/bw1_fs_g_023.jpg?w=512
bw1_white_031.jpg,https://cards.image.pokemonkorea.co.kr/data/wmimages/BW/BW1/bw1_white_031.jpg?w=512
bw4_045.jpg,https://cards.image.pokemonkorea.co.kr/data/wmimages/BW/BGR/bw4_045.jpg?w=512
bw8_sf_034.jpg,https://cards.image.pokemonkorea.co.kr/data/wmimages/BW/BW8/bw8_sf_034.jpg?w=512
K1_X_034.jpg,https://cards.image.pokemonkorea.co.kr/data/wmimages/XY/XY1/K1_X_034.jpg?w=512
SMA_027.png,https://cards.image.pokemonkorea.co.kr/data/wmimages/SM/SMA/SMA_027.png?w=512
SM1S_034.png,https://cards.image.pokemonkorea.co.kr/data/wmimages/SM/SM1S/SM1S_034.png?w=512
SM10_058.png,https://cards.image.pokemonkorea.co.kr/data/wmimages/SM/SM10/SM10_058.png?w=512
SM10_059.png,https://cards.image.pokemonkorea.co.kr/data/wmimages/SM/SM10/SM10_059.png?w=512
S4_070.png,https://cards.image.pokemonkorea.co.kr/data/wmimages/S/S4/S4_070.png?w=512
S11_068.png,https://cards.image.pokemonkorea.co.kr/data/wmimages/S/S11/S11_068.png?w=512
SV1S_042.png,https://cards.image.pokemonkorea.co.kr/data/wmimages/SV/SV1S/SV1S_042.png?w=512
SV1S_087.png,https://cards.image.pokemonkorea.co.kr/data/wmimages/SV/SV1S/SV1S_087.png?w=512
SVD_062.png,https://cards.image.pokemonkorea.co.kr/data/wmimages/SV/SVD/SVD_062.png?w=512
