SMA_025.png,https://cards.image.pokemonkorea.co.kr/data/wmimages/SM/SMA/SMA_025.png?w=512
SM1M_033.png,https://cards.image.pokemonkorea.co.kr/data/wmimages/SM/SM1M/SM1M_033.png?w=512
SM1plus_034.png,https://cards.image.pokemonkorea.co.kr/data/wmimages/SM/SM1+/SM1plus_034.png?w=512
SM1plus_087.png,https://cards.image.pokemonkorea.co.kr/data/wmimages/SM/SM1+/SM1plus_087.png?w=512
SM4plus_059.png,https://cards.image.pokemonkorea.co.kr/data/wmimages/SM/SM4+/SM4plus_059.png?w=512
SM4plus_059.png,https://cards.image.pokemonkorea.co.kr/data/wmimages/SM/SM4+/SM4plus_059.png?w=512
SM3H_025.png,https://cards.image.pokemonkorea.co.kr/data/wmimages/SM/SM3H/SM3H_025.png?w=512
SM12_049.png,https://cards.image.pokemonkorea.co.kr/data/wmimages/SM/SM12/SM12_049.png?w=512
S2_042.png,https://cards.image.pokemonkorea.co.kr/data/wmimages/S/S2/S2_042.png?w=512
S6a_042.png,https://cards.image.pokemonkorea.co.kr/data/wmimages/S/S6a/S6a_042.png?w=512
SI_195.png,https://cards.image.pokemonkorea.co.kr/data/wmimages/S/SI/SI_195.png?w=512
S11_063.png,https://cards.image.pokemonkorea.co.kr/data/wmimages/S/S11/S11_063.png?w=512
SV2D_029.png,https://cards.image.pokemonkorea.co.kr/data/wmimages/SV/SV2D/SV2D_029.png?w=512
SV2D_075.png,https://cards.image.pokemonkorea.co.kr/data/wmimages/SV/SV2D/SV2D_075.png?w=512
SV6_053.png,https://cards.image.pokemonkorea.co.kr/data/wmimages/SV/SV6/SV6_053.png?w=512
