XY3_068.jpg,https://cards.image.pokemonkorea.co.kr/data/wmimages/XY/XY3/XY3_068.jpg?w=512
XYB_006.jpg,https://cards.image.pokemonkorea.co.kr/data/wmimages/XY/XYB/XYB_006.jpg?w=512
XY11A_040.jpg,https://cards.image.pokemonkorea.co.kr/data/wmimages/XY/XY11/XY11A_040.jpg?w=512
SM6_063.png,https://cards.image.pokemonkorea.co.kr/data/wmimages/SM/SM6/SM6_063.png?w=512
SM8a_045.png,https://cards.image.pokemonkorea.co.kr/data/wmimages/SM/SM8A/SM8a_045.png?w=512
SM8a_091.png,https://cards.image.pokemonkorea.co.kr/data/wmimages/SM/SM8A/SM8a_091.png?w=512
S7D_037.png,https://cards.image.pokemonkorea.co.kr/data/wmimages/S/S7/S7D_037.png?w=512
SI_307.png,https://cards.image.pokemonkorea.co.kr/data/wmimages/S/SI/SI_307.png?w=512
SV1V_045.png,https://cards.image.pokemonkorea.co.kr/data/wmimages/SV/SV1V/SV1V_045.png?w=512
SV4a_087.png,https://cards.image.pokemonkorea.co.kr/data/wmimages/SV/SV4a/SV4a_087.png?w=512
SV4a_264.png,https://cards.image.pokemonkorea.co.kr/data/wmimages/SV/SV4a/SV4a_264.png?w=512
SV-P_068.png,https://cards.image.pokemonkorea.co.kr/data/wmimages/SV/SV-P/SV-P_068.png?w=512
