bw5_blast_014.jpg,https://cards.image.pokemonkorea.co.kr/data/wmimages/BW/BW5/bw5_blast_014.jpg?w=512
XY2_024.jpg,https://cards.image.pokemonkorea.co.kr/data/wmimages/XY/XY2/XY2_024.jpg?w=512
SM3plus_024.png,https://cards.image.pokemonkorea.co.kr/data/wmimages/SM/SM3+/SM3plus_024.png?w=512
SM5M_008.png,https://cards.image.pokemonkorea.co.kr/data/wmimages/SM/SM5M/SM5M_008.png?w=512
SEK_005.png,https://cards.image.pokemonkorea.co.kr/data/wmimages/S/SE/SEK_005.png?w=512
SI_102.png,https://cards.image.pokemonkorea.co.kr/data/wmimages/S/SI/SI_102.png?w=512
S9_029.png,https://cards.image.pokemonkorea.co.kr/data/wmimages/S/S9/S9_029.png?w=512
SV1S_016.png,https://cards.image.pokemonkorea.co.kr/data/wmimages/SV/SV1S/SV1S_016.png?w=512
SV1a_026.png,https://cards.image.pokemonkorea.co.kr/data/wmimages/SV/SV1a/SV1a_026.png?w=512
SVD_025.png,https://cards.image.pokemonkorea.co.kr/data/wmimages/SV/SVD/SVD_025.png?w=512
st1_kr_26.jpg,https://cards.image.pokemonkorea.co.kr/data/wmimages/DP/ST1/st1_kr_26.jpg?w=512
bs1_kr_27.jpg,https://cards.image.pokemonkorea.co.kr/data/wmimages/DP/BS1/bs1_kr_27.jpg?w=512
