bw7_003.jpg,https://cards.image.pokemonkorea.co.kr/data/wmimages/BW/BW7/bw7_003.jpg?w=512
SM5S_008.png,https://cards.image.pokemonkorea.co.kr/data/wmimages/SM/SM5S/SM5S_008.png?w=512
SM5plus_024.png,https://cards.image.pokemonkorea.co.kr/data/wmimages/SM/SM5+/SM5plus_024.png?w=512
SM5plus_076.png,https://cards.image.pokemonkorea.co.kr/data/wmimages/SM/SM5+/SM5plus_076.png?w=512
S9_008.png,https://cards.image.pokemonkorea.co.kr/data/wmimages/S/S9/S9_008.png?w=512
S12a_008.png,https://cards.image.pokemonkorea.co.kr/data/wmimages/S/S12a/S12a_008.png?w=512
SV5K_005.png,https://cards.image.pokemonkorea.co.kr/data/wmimages/SV/SV5K/SV5K_005.png?w=512
SV5K_084.png,https://cards.image.pokemonkorea.co.kr/data/wmimages/SV/SV5K/SV5K_084.png?w=512
st1_kr_5.jpg,https://cards.image.pokemonkorea.co.kr/data/wmimages/DP/ST1/st1_kr_5.jpg?w=512
bs1_kr_4.jpg,https://cards.image.pokemonkorea.co.kr/data/wmimages/DP/BS1/bs1_kr_4.jpg?w=512
bs1_kr_5.jpg,https://cards.image.pokemonkorea.co.kr/data/wmimages/DP/BS1/bs1_kr_5.jpg?w=512
