g+k_004.jpg,https://cards.image.pokemonkorea.co.kr/data/wmimages/BW/G+K/g+k_004.jpg?w=512
XY9_020.jpg,https://cards.image.pokemonkorea.co.kr/data/wmimages/XY/XY9/XY9_020.jpg?w=512
CP5_010.jpg,https://cards.image.pokemonkorea.co.kr/data/wmimages/XY/CP5/CP5_010.jpg?w=512
SM8_0028.png,https://cards.image.pokemonkorea.co.kr/data/wmimages/SM/SM8/SM8_0028.png?w=512
SM8_0098.png,https://cards.image.pokemonkorea.co.kr/data/wmimages/SM/SM8/SM8_0098.png?w=512
SM7A_018.png,https://cards.image.pokemonkorea.co.kr/data/wmimages/SM/SM7A/SM7A_018.png?w=512
S3_016.png,https://cards.image.pokemonkorea.co.kr/data/wmimages/S/S3/S3_016.png?w=512
S4a_033.png,https://cards.image.pokemonkorea.co.kr/data/wmimages/S/S4a/S4a_033.png?w=512
S4a_221.png,https://cards.image.pokemonkorea.co.kr/data/wmimages/S/S4a/S4a_221.png?w=512
S7D_001.png,https://cards.image.pokemonkorea.co.kr/data/wmimages/S/S7/S7D_001.png?w=512
S7D_068.png,https://cards.image.pokemonkorea.co.kr/data/wmimages/S/S7/S7D_068.png?w=512
SI_092.png,https://cards.image.pokemonkorea.co.kr/data/wmimages/S/SI/SI_092.png?w=512
S12a_024.png,https://cards.image.pokemonkorea.co.kr/data/wmimages/S/S12a/S12a_024.png?w=512
S12a_215.png,https://cards.image.pokemonkorea.co.kr/data/wmimages/S/S12a/S12a_215.png?w=512
bs8_ko_13.jpg,https://cards.image.pokemonkorea.co.kr/data/wmimages/DP/BS8/bs8_ko_13.jpg?w=512
