bw3_hb_034.jpg,https://cards.image.pokemonkorea.co.kr/data/wmimages/BW/BGR/bw3_hb_034.jpg?w=512
ebb_064.jpg,https://cards.image.pokemonkorea.co.kr/data/wmimages/BW/EBB/ebb_064.jpg?w=512
bw7_043.jpg,https://cards.image.pokemonkorea.co.kr/data/wmimages/BW/BW7/bw7_043.jpg?w=512
XY3_052.jpg,https://cards.image.pokemonkorea.co.kr/data/wmimages/XY/XY3/XY3_052.jpg?w=512
XY3_099.jpg,https://cards.image.pokemonkorea.co.kr/data/wmimages/XY/XY3/XY3_099.jpg?w=512
CP4_074.jpg,https://cards.image.pokemonkorea.co.kr/data/wmimages/XY/CP4/CP4_074.jpg?w=512
XY3_053.jpg,https://cards.image.pokemonkorea.co.kr/data/wmimages/XY/XY3/XY3_053.jpg?w=512
CP4_075.jpg,https://cards.image.pokemonkorea.co.kr/data/wmimages/XY/CP4/CP4_075.jpg?w=512
XY10_050.png,https://cards.image.pokemonkorea.co.kr/data/wmimages/XY/XY10/XY10_050.png?w=512
XYG_005.png,https://cards.image.pokemonkorea.co.kr/data/wmimages/XY/XYG/XYG_005.png?w=512
SM3H_028.png,https://cards.image.pokemonkorea.co.kr/data/wmimages/SM/SM3H/SM3H_028.png?w=512
SMP_043.png,https://cards.image.pokemonkorea.co.kr/data/wmimages/SM/PROMO/SMP_043.png?w=512
SMXY_062.png,https://cards.image.pokemonkorea.co.kr/data/wmimages/SM/SMXY/SMXY_062.png?w=512
SMXY_063.png,https://cards.image.pokemonkorea.co.kr/data/wmimages/SM/SMXY/SMXY_063.png?w=512
SMXY_176.png,https://cards.image.pokemonkorea.co.kr/data/wmimages/SM/SMXY/SMXY_176.png?w=512
SM5M_037.png,https://cards.image.pokemonkorea.co.kr/data/wmimages/SM/SM5M/SM5M_037.png?w=512
SM8b_056.png,https://cards.image.pokemonkorea.co.kr/data/wmimages/SM/SM8B/SM8b_056.png?w=512
SM8b_182.png,https://cards.image.pokemonkorea.co.kr/data/wmimages/SM/SM8B/SM8b_182.png?w=512
SM5plus_030.png,https://cards.image.pokemonkorea.co.kr/data/wmimages/SM/SM5+/SM5plus_030.png?w=512
SM5plus_053.png,https://cards.image.pokemonkorea.co.kr/data/wmimages/SM/SM5+/SM5plus_053.png?w=512
SM8b_224.png,https://cards.image.pokemonkorea.co.kr/data/wmimages/SM/SM8B/SM8b_224.png?w=512
SM30A_038.png,https://cards.image.pokemonkorea.co.kr/data/wmimages/SM/SM30A/SM30A_038.png?w=512
SM9b_029.png,https://cards.image.pokemonkorea.co.kr/data/wmimages/SM/SM9B/SM9b_029.png?w=512
SM9b_058.png,https://cards.image.pokemonkorea.co.kr/data/wmimages/SM/SM9B/SM9b_058.png?w=512
SM9b_059.png,https://cards.image.pokemonkorea.co.kr/data/wmimages/SM/SM9B/SM9b_059.png?w=512
SM12a_083.png,https://cards.image.pokemonkorea.co.kr/data/wmimages/SM/SM12a/SM12a_083.png?w=512
SM9b_035.png,https://cards.image.pokemonkorea.co.kr/data/wmimages/SM/SM9B/SM9b_035.png?w=512
SM10a_026.png,https://cards.image.pokemonkorea.co.kr/data/wmimages/SM/SM10a/SM10a_026.png?w=512
S3a_051.png,https://cards.image.pokemonkorea.co.kr/data/wmimages/S/S3a/S3a_051.png?w=512
SJ_012.png,https://cards.image.pokemonkorea.co.kr/data/wmimages/S/SJ/SJ_012.png?w=512
SD_020.png,https://cards.image.pokemonkorea.co.kr/data/wmimages/S/SD/SD_020.png?w=512
SH_003_D.png,https://cards.image.pokemonkorea.co.kr/data/wmimages/S/SH/SH_003_D.png?w=512
SI_225.png,https://cards.image.pokemonkorea.co.kr/data/wmimages/S/SI/SI_225.png?w=512
S9_055.png,https://cards.image.pokemonkorea.co.kr/data/wmimages/S/S9/S9_055.png?w=512
S12a_077.png,https://cards.image.pokemonkorea.co.kr/data/wmimages/S/S12a/S12a_077.png?w=512
SLL_004.png,https://cards.image.pokemonkorea.co.kr/data/wmimages/S/SL/SLL_004.png?w=512
S-P_185.png,https://cards.image.pokemonkorea.co.kr/data/wmimages/S/S-P/S-P_185.png?w=512
SLL_005.png,https://cards.image.pokemonkorea.co.kr/data/wmimages/S/SL/SLL_005.png?w=512
S-P_186.png,https://cards.image.pokemonkorea.co.kr/data/wmimages/S/S-P/S-P_186.png?w=512
S12a_226.png,https://cards.image.pokemonkorea.co.kr/data/wmimages/S/S12a/S12a_226.png?w=512
SVAM_009.png,https://cards.image.pokemonkorea.co.kr/data/wmimages/SV/SVA/SVAM_009.png?w=512
SV1S_041.png,https://cards.image.pokemonkorea.co.kr/data/wmimages/SV/SV1S/SV1S_041.png?w=512
SVD_060.png,https://cards.image.pokemonkorea.co.kr/data/wmimages/SV/SVD/SVD_060.png?w=512
SV4a_105.png,https://cards.image.pokemonkorea.co.kr/data/wmimages/SV/SV4a/SV4a_105.png?w=512
SV4a_281.png,https://cards.image.pokemonkorea.co.kr/data/wmimages/SV/SV4a/SV4a_281.png?w=512
SVI_032_L.png,https://cards.image.pokemonkorea.co.kr/data/wmimages/SV/SVI/SVI_032_L.png?w=512
st2_dialga_ko_6.jpg,https://cards.image.pokemonkorea.co.kr/data/wmimages/DP/ST2/st2_dialga_ko_6.jpg?w=512
bs4_ko_28.jpg,https://cards.image.pokemonkorea.co.kr/data/wmimages/DP/BS4/bs4_ko_28.jpg?w=512
bs4_ko_29.jpg,https://cards.image.pokemonkorea.co.kr/data/wmimages/DP/BS4/bs4_ko_29.jpg?w=512
