bw9_053.jpg,https://cards.image.pokemonkorea.co.kr/data/wmimages/BW/BW9/bw9_053.jpg?w=512
bw9_080.jpg,https://cards.image.pokemonkorea.co.kr/data/wmimages/BW/BW9/bw9_080.jpg?w=512
XYB_004.jpg,https://cards.image.pokemonkorea.co.kr/data/wmimages/XY/XYB/XYB_004.jpg?w=512
CP2_017.jpg,https://cards.image.pokemonkorea.co.kr/data/wmimages/XY/CP2/CP2_017.jpg?w=512
SM5S_045.png,https://cards.image.pokemonkorea.co.kr/data/wmimages/SM/SM5S/SM5S_045.png?w=512
SM5S_069.png,https://cards.image.pokemonkorea.co.kr/data/wmimages/SM/SM5S/SM5S_069.png?w=512
SM5plus_035.png,https://cards.image.pokemonkorea.co.kr/data/wmimages/SM/SM5+/SM5plus_035.png?w=512
SM5plus_054.png,https://cards.image.pokemonkorea.co.kr/data/wmimages/SM/SM5+/SM5plus_054.png?w=512
SM7A_038.png,https://cards.image.pokemonkorea.co.kr/data/wmimages/SM/SM7A/SM7A_038.png?w=512
SM12_065.png,https://cards.image.pokemonkorea.co.kr/data/wmimages/SM/SM12/SM12_065.png?w=512
SM12_099.png,https://cards.image.pokemonkorea.co.kr/data/wmimages/SM/SM12/SM12_099.png?w=512
SM12_100.png,https://cards.image.pokemonkorea.co.kr/data/wmimages/SM/SM12/SM12_100.png?w=512
S3a_052.png,https://cards.image.pokemonkorea.co.kr/data/wmimages/S/S3a/S3a_052.png?w=512
S7D_041.png,https://cards.image.pokemonkorea.co.kr/data/wmimages/S/S7/S7D_041.png?w=512
S8a_008.png,https://cards.image.pokemonkorea.co.kr/data/wmimages/S/S8a/S8a_008.png?w=512
S10D_048.png,https://cards.image.pokemonkorea.co.kr/data/wmimages/S/S10/S10D_048.png?w=512
S10D_074.png,https://cards.image.pokemonkorea.co.kr/data/wmimages/S/S10/S10D_074.png?w=512
S10D_075.png,https://cards.image.pokemonkorea.co.kr/data/wmimages/S/S10/S10D_075.png?w=512
S12a_100.png,https://cards.image.pokemonkorea.co.kr/data/wmimages/S/S12a/S12a_100.png?w=512
S10D_049.png,https://cards.image.pokemonkorea.co.kr/data/wmimages/S/S10/S10D_049.png?w=512
S10D_082.png,https://cards.image.pokemonkorea.co.kr/data/wmimages/S/S10/S10D_082.png?w=512
S10D_086.png,https://cards.image.pokemonkorea.co.kr/data/wmimages/S/S10/S10D_086.png?w=512
S12a_101.png,https://cards.image.pokemonkorea.co.kr/data/wmimages/S/S12a/S12a_101.png?w=512
S12a_260.png,https://cards.image.pokemonkorea.co.kr/data/wmimages/S/S12a/S12a_260.png?w=512
st2_dialga_ko_10.jpg,https://cards.image.pokemonkorea.co.kr/data/wmimages/DP/ST2/st2_dialga_ko_10.jpg?w=512
bs3_ko_45.jpg,https://cards.image.pokemonkorea.co.kr/data/wmimages/DP/BS3/bs3_ko_45.jpg?w=512
bs3_ko_46.jpg,https://cards.image.pokemonkorea.co.kr/data/wmimages/DP/BS3/bs3_ko_46.jpg?w=512
