K1_Y_035.jpg,https://cards.image.pokemonkorea.co.kr/data/wmimages/XY/XY1/K1_Y_035.jpg?w=512
FXY_R_018.jpg,https://cards.image.pokemonkorea.co.kr/data/wmimages/XY/FXY/FXY_R_018.jpg?w=512
XY7_045.jpg,https://cards.image.pokemonkorea.co.kr/data/wmimages/XY/XY7/XY7_045.jpg?w=512
CP2_016.jpg,https://cards.image.pokemonkorea.co.kr/data/wmimages/XY/CP2/CP2_016.jpg?w=512
SM3H_035.png,https://cards.image.pokemonkorea.co.kr/data/wmimages/SM/SM3H/SM3H_035.png?w=512
SM6_036.png,https://cards.image.pokemonkorea.co.kr/data/wmimages/SM/SM6/SM6_036.png?w=512
SM8b_042.png,https://cards.image.pokemonkorea.co.kr/data/wmimages/SM/SM8B/SM8b_042.png?w=512
SM8b_177.png,https://cards.image.pokemonkorea.co.kr/data/wmimages/SM/SM8B/SM8b_177.png?w=512
SMM_004.png,https://cards.image.pokemonkorea.co.kr/data/wmimages/SM/SMM/SMM_004.png?w=512
SM12a_061.png,https://cards.image.pokemonkorea.co.kr/data/wmimages/SM/SM12a/SM12a_061.png?w=512
SM30A_030.png,https://cards.image.pokemonkorea.co.kr/data/wmimages/SM/SM30A/SM30A_030.png?w=512
SM9a_029.png,https://cards.image.pokemonkorea.co.kr/data/wmimages/SM/SM9A/SM9a_029.png?w=512
SM9a_084.png,https://cards.image.pokemonkorea.co.kr/data/wmimages/SM/SM9A/SM9a_084.png?w=512
S3_059.png,https://cards.image.pokemonkorea.co.kr/data/wmimages/S/S3/S3_059.png?w=512
S6K_032.png,https://cards.image.pokemonkorea.co.kr/data/wmimages/S/S6/S6K_032.png?w=512
S8b_071.png,https://cards.image.pokemonkorea.co.kr/data/wmimages/S/S8b/S8b_071.png?w=512
SLD_009.png,https://cards.image.pokemonkorea.co.kr/data/wmimages/S/SL/SLD_009.png?w=512
S10P_032.png,https://cards.image.pokemonkorea.co.kr/data/wmimages/S/S10/S10P_032.png?w=512
SV3_075.png,https://cards.image.pokemonkorea.co.kr/data/wmimages/SV/SV3/SV3_075.png?w=512
SV6a_033.png,https://cards.image.pokemonkorea.co.kr/data/wmimages/SV/SV6a/SV6a_033.png?w=512
