bw6_freezevolt_046.jpg,https://cards.image.pokemonkorea.co.kr/data/wmimages/BW/BW6/bw6_freezevolt_046.jpg?w=512
bw8_sf_040.jpg,https://cards.image.pokemonkorea.co.kr/data/wmimages/BW/BW8/bw8_sf_040.jpg?w=512
XY9_064.jpg,https://cards.image.pokemonkorea.co.kr/data/wmimages/XY/XY9/XY9_064.jpg?w=512
CP6_066.jpg,https://cards.image.pokemonkorea.co.kr/data/wmimages/XY/CP6/CP6_066.jpg?w=512
SM1M_035.png,https://cards.image.pokemonkorea.co.kr/data/wmimages/SM/SM1M/SM1M_035.png?w=512
SM1plus_036.png,https://cards.image.pokemonkorea.co.kr/data/wmimages/SM/SM1+/SM1plus_036.png?w=512
SM1plus_089.png,https://cards.image.pokemonkorea.co.kr/data/wmimages/SM/SM1+/SM1plus_089.png?w=512
SM3N_034.png,https://cards.image.pokemonkorea.co.kr/data/wmimages/SM/SM3N/SM3N_034.png?w=512
SM9a_039.png,https://cards.image.pokemonkorea.co.kr/data/wmimages/SM/SM9A/SM9a_039.png?w=512
SM9a_091.png,https://cards.image.pokemonkorea.co.kr/data/wmimages/SM/SM9A/SM9a_091.png?w=512
S10b_041.png,https://cards.image.pokemonkorea.co.kr/data/wmimages/S/S10b/S10b_041.png?w=512
SV2a_019.png,https://cards.image.pokemonkorea.co.kr/data/wmimages/SV/SV2a/SV2a_019.png?w=512
bs3_ko_47.jpg,https://cards.image.pokemonkorea.co.kr/data/wmimages/DP/BS3/bs3_ko_47.jpg?w=512
SMP_080.png,https://cards.image.pokemonkorea.co.kr/data/wmimages/SM/PROMO/SMP_080.png?w=512
