K1_Y_036.jpg,https://cards.image.pokemonkorea.co.kr/data/wmimages/XY/XY1/K1_Y_036.jpg?w=512
XY4_057.jpg,https://cards.image.pokemonkorea.co.kr/data/wmimages/XY/XY4/XY4_057.jpg?w=512
XY4_091.jpg,https://cards.image.pokemonkorea.co.kr/data/wmimages/XY/XY4/XY4_091.jpg?w=512
SMXY_076.png,https://cards.image.pokemonkorea.co.kr/data/wmimages/SM/SMXY/SMXY_076.png?w=512
XY7_046.jpg,https://cards.image.pokemonkorea.co.kr/data/wmimages/XY/XY7/XY7_046.jpg?w=512
SM3H_036.png,https://cards.image.pokemonkorea.co.kr/data/wmimages/SM/SM3H/SM3H_036.png?w=512
SM6_037.png,https://cards.image.pokemonkorea.co.kr/data/wmimages/SM/SM6/SM6_037.png?w=512
SM8b_043.png,https://cards.image.pokemonkorea.co.kr/data/wmimages/SM/SM8B/SM8b_043.png?w=512
SM8b_178.png,https://cards.image.pokemonkorea.co.kr/data/wmimages/SM/SM8B/SM8b_178.png?w=512
SMM_005.png,https://cards.image.pokemonkorea.co.kr/data/wmimages/SM/SMM/SMM_005.png?w=512
SM12a_062.png,https://cards.image.pokemonkorea.co.kr/data/wmimages/SM/SM12a/SM12a_062.png?w=512
SM30A_031.png,https://cards.image.pokemonkorea.co.kr/data/wmimages/SM/SM30A/SM30A_031.png?w=512
SM9a_030.png,https://cards.image.pokemonkorea.co.kr/data/wmimages/SM/SM9A/SM9a_030.png?w=512
S2_070.png,https://cards.image.pokemonkorea.co.kr/data/wmimages/S/S2/S2_070.png?w=512
S2_103.png,https://cards.image.pokemonkorea.co.kr/data/wmimages/S/S2/S2_103.png?w=512
S2_071.png,https://cards.image.pokemonkorea.co.kr/data/wmimages/S/S2/S2_071.png?w=512
S3_060.png,https://cards.image.pokemonkorea.co.kr/data/wmimages/S/S3/S3_060.png?w=512
S6K_033.png,https://cards.image.pokemonkorea.co.kr/data/wmimages/S/S6/S6K_033.png?w=512
S8b_072.png,https://cards.image.pokemonkorea.co.kr/data/wmimages/S/S8b/S8b_072.png?w=512
S8b_199.png,https://cards.image.pokemonkorea.co.kr/data/wmimages/S/S8b/S8b_199.png?w=512
S10P_033.png,https://cards.image.pokemonkorea.co.kr/data/wmimages/S/S10/S10P_033.png?w=512
SV3_076.png,https://cards.image.pokemonkorea.co.kr/data/wmimages/SV/SV3/SV3_076.png?w=512
SV6a_034.png,https://cards.image.pokemonkorea.co.kr/data/wmimages/SV/SV6a/SV6a_034.png?w=512
XYpromo_114.png,https://cards.image.pokemonkorea.co.kr/data/wmimages/XY/PROMO/XYpromo_114.png?w=512
