bw6_coldflare_014.jpg,https://cards.image.pokemonkorea.co.kr/data/wmimages/BW/BW6/bw6_coldflare_014.jpg?w=512,done
g+k_003.jpg,https://cards.image.pokemonkorea.co.kr/data/wmimages/BW/G+K/g+k_003.jpg?w=512,done
K1_Y_014.jpg,https://cards.image.pokemonkorea.co.kr/data/wmimages/XY/XY1/K1_Y_014.jpg?w=512,done
K1_Y_061.jpg,https://cards.image.pokemonkorea.co.kr/data/wmimages/XY/XY1/K1_Y_061.jpg?w=512,done
CP6_021.jpg,https://cards.image.pokemonkorea.co.kr/data/wmimages/XY/CP6/CP6_021.jpg?w=512,done
CP6_105.jpg,https://cards.image.pokemonkorea.co.kr/data/wmimages/XY/CP6/CP6_105.jpg?w=512,done
K1_Y_015.jpg,https://cards.image.pokemonkorea.co.kr/data/wmimages/XY/XY1/K1_Y_015.jpg?w=512,done
CP6_022.jpg,https://cards.image.pokemonkorea.co.kr/data/wmimages/XY/CP6/CP6_022.jpg?w=512,done
CP6_106.jpg,https://cards.image.pokemonkorea.co.kr/data/wmimages/XY/CP6/CP6_106.jpg?w=512,done
SM9_023.png,https://cards.image.pokemonkorea.co.kr/data/wmimages/SM/SM9/SM9_023.png?w=512,done
SM12a_031.png,https://cards.image.pokemonkorea.co.kr/data/wmimages/SM/SM12a/SM12a_031.png?w=512,done
SM9b_010.png,https://cards.image.pokemonkorea.co.kr/data/wmimages/SM/SM9B/SM9b_010.png?w=512,done
SM9b_057.png,https://cards.image.pokemonkorea.co.kr/data/wmimages/SM/SM9B/SM9b_057.png?w=512,done
SM30A_016.png,https://cards.image.pokemonkorea.co.kr/data/wmimages/SM/SM30A/SM30A_016.png?w=512,done
SM11a_016.png,https://cards.image.pokemonkorea.co.kr/data/wmimages/SM/SM11a/SM11a_016.png?w=512,done
SM11a_069.png,https://cards.image.pokemonkorea.co.kr/data/wmimages/SM/SM11a/SM11a_069.png?w=512,
SM11a_070.png,https://cards.image.pokemonkorea.co.kr/data/wmimages/SM/SM11a/SM11a_070.png?w=512,
SEK_001.png,https://cards.image.pokemonkorea.co.kr/data/wmimages/S/SE/SEK_001.png?w=512,
SEK_002.png,https://cards.image.pokemonkorea.co.kr/data/wmimages/S/SE/SEK_002.png?w=512,
S10b_017.png,https://cards.image.pokemonkorea.co.kr/data/wmimages/S/S10b/S10b_017.png?w=512,
S10b_018.png,https://cards.image.pokemonkorea.co.kr/data/wmimages/S/S10b/S10b_018.png?w=512,
SV2a_009.png,https://cards.image.pokemonkorea.co.kr/data/wmimages/SV/SV2a/SV2a_009.png?w=512,
SV2a_186.png,https://cards.image.pokemonkorea.co.kr/data/wmimages/SV/SV2a/SV2a_186.png?w=512,
SV2a_202.png,https://cards.image.pokemonkorea.co.kr/data/wmimages/SV/SV2a/SV2a_202.png?w=512,
SVG_016.png,https://cards.image.pokemonkorea.co.kr/data/wmimages/SV/SVG/SVG_016.png?w=512,
bs9_ko_8.jpg,https://cards.image.pokemonkorea.co.kr/data/wmimages/DP/BS9/bs9_ko_8.jpg?w=512,