bw2_red_045.jpg,https://cards.image.pokemonkorea.co.kr/data/wmimages/BW/BW2/bw2_red_045.jpg?w=512
bw5_blade_023.jpg,https://cards.image.pokemonkorea.co.kr/data/wmimages/BW/BW5/bw5_blade_023.jpg?w=512
bw9_038.jpg,https://cards.image.pokemonkorea.co.kr/data/wmimages/BW/BW9/bw9_038.jpg?w=512
XY3_041.jpg,https://cards.image.pokemonkorea.co.kr/data/wmimages/XY/XY3/XY3_041.jpg?w=512
XY7_035.jpg,https://cards.image.pokemonkorea.co.kr/data/wmimages/XY/XY7/XY7_035.jpg?w=512
XY7_041.jpg,https://cards.image.pokemonkorea.co.kr/data/wmimages/XY/XY7/XY7_041.jpg?w=512
SM3plus_045.png,https://cards.image.pokemonkorea.co.kr/data/wmimages/SM/SM3+/SM3plus_045.png?w=512
SM12_032.png,https://cards.image.pokemonkorea.co.kr/data/wmimages/SM/SM12/SM12_032.png?w=512
S3_041.png,https://cards.image.pokemonkorea.co.kr/data/wmimages/S/S3/S3_041.png?w=512
S6K_031.png,https://cards.image.pokemonkorea.co.kr/data/wmimages/S/S6/S6K_031.png?w=512
SI_187.png,https://cards.image.pokemonkorea.co.kr/data/wmimages/S/SI/SI_187.png?w=512
S7D_015.png,https://cards.image.pokemonkorea.co.kr/data/wmimages/S/S7/S7D_015.png?w=512
S7D_069.png,https://cards.image.pokemonkorea.co.kr/data/wmimages/S/S7/S7D_069.png?w=512
S7D_070.png,https://cards.image.pokemonkorea.co.kr/data/wmimages/S/S7/S7D_070.png?w=512
SI_188.png,https://cards.image.pokemonkorea.co.kr/data/wmimages/S/SI/SI_188.png?w=512
S9_059.png,https://cards.image.pokemonkorea.co.kr/data/wmimages/S/S9/S9_059.png?w=512
SV5K_036.png,https://cards.image.pokemonkorea.co.kr/data/wmimages/SV/SV5K/SV5K_036.png?w=512
