bw1_black_015.jpg,https://cards.image.pokemonkorea.co.kr/data/wmimages/BW/BW1/bw1_black_015.jpg?w=512
bw4_022.jpg,https://cards.image.pokemonkorea.co.kr/data/wmimages/BW/BGR/bw4_022.jpg?w=512
bw6_coldflare_017.jpg,https://cards.image.pokemonkorea.co.kr/data/wmimages/BW/BW6/bw6_coldflare_017.jpg?w=512
g+k_005.jpg,https://cards.image.pokemonkorea.co.kr/data/wmimages/BW/G+K/g+k_005.jpg?w=512
XY9_025.jpg,https://cards.image.pokemonkorea.co.kr/data/wmimages/XY/XY9/XY9_025.jpg?w=512
SM12_023.png,https://cards.image.pokemonkorea.co.kr/data/wmimages/SM/SM12/SM12_023.png?w=512
S3_085.png,https://cards.image.pokemonkorea.co.kr/data/wmimages/S/S3/S3_085.png?w=512
S4a_144.png,https://cards.image.pokemonkorea.co.kr/data/wmimages/S/S4a/S4a_144.png?w=512
S4a_294.png,https://cards.image.pokemonkorea.co.kr/data/wmimages/S/S4a/S4a_294.png?w=512
S10D_017.png,https://cards.image.pokemonkorea.co.kr/data/wmimages/S/S10/S10D_017.png?w=512
SV6_088.png,https://cards.image.pokemonkorea.co.kr/data/wmimages/SV/SV6/SV6_088.png?w=512
