bw1_fs_f_027.jpg,https://cards.image.pokemonkorea.co.kr/data/wmimages/BW/FS/bw1_fs_f_027.jpg?w=512
bw1_black_046.jpg,https://cards.image.pokemonkorea.co.kr/data/wmimages/BW/BW1/bw1_black_046.jpg?w=512
ebb_091.jpg,https://cards.image.pokemonkorea.co.kr/data/wmimages/BW/EBB/ebb_091.jpg?w=512
bw5_blade_045.jpg,https://cards.image.pokemonkorea.co.kr/data/wmimages/BW/BW5/bw5_blade_045.jpg?w=512
XY5_GV_057.jpg,https://cards.image.pokemonkorea.co.kr/data/wmimages/XY/XY5/XY5_GV_057.jpg?w=512
SM3H_045.png,https://cards.image.pokemonkorea.co.kr/data/wmimages/SM/SM3H/SM3H_045.png?w=512
S5R_059.png,https://cards.image.pokemonkorea.co.kr/data/wmimages/S/S5/S5R_059.png?w=512
S11_089.png,https://cards.image.pokemonkorea.co.kr/data/wmimages/S/S11/S11_089.png?w=512
SVD_098.png,https://cards.image.pokemonkorea.co.kr/data/wmimages/SV/SVD/SVD_098.png?w=512
SV7_081.png,https://cards.image.pokemonkorea.co.kr/data/wmimages/SV/SV7/SV7_081.png?w=512
