XY2_049.jpg,https://cards.image.pokemonkorea.co.kr/data/wmimages/XY/XY2/XY2_049.jpg?w=512
SM8_0060.png,https://cards.image.pokemonkorea.co.kr/data/wmimages/SM/SM8/SM8_0060.png?w=512
S3a_045.png,https://cards.image.pokemonkorea.co.kr/data/wmimages/S/S3a/S3a_045.png?w=512
SV1V_057.png,https://cards.image.pokemonkorea.co.kr/data/wmimages/SV/SV1V/SV1V_057.png?w=512
SVD_080.png,https://cards.image.pokemonkorea.co.kr/data/wmimages/SV/SVD/SVD_080.png?w=512
SV2D_005.png,https://cards.image.pokemonkorea.co.kr/data/wmimages/SV/SV2D/SV2D_005.png?w=512
SV2D_084.png,https://cards.image.pokemonkorea.co.kr/data/wmimages/SV/SV2D/SV2D_084.png?w=512
SV4a_009.png,https://cards.image.pokemonkorea.co.kr/data/wmimages/SV/SV4a/SV4a_009.png?w=512
SV4a_320.png,https://cards.image.pokemonkorea.co.kr/data/wmimages/SV/SV4a/SV4a_320.png?w=512
SV5M_043.png,https://cards.image.pokemonkorea.co.kr/data/wmimages/SV/SV5M/SV5M_043.png?w=512
