S1H_005.png,https://cards.image.pokemonkorea.co.kr/data/wmimages/S/S1H/S1H_005.png?w=512
S4a_015.png,https://cards.image.pokemonkorea.co.kr/data/wmimages/S/S4a/S4a_015.png?w=512
S4a_210.png,https://cards.image.pokemonkorea.co.kr/data/wmimages/S/S4a/S4a_210.png?w=512
S2_010.png,https://cards.image.pokemonkorea.co.kr/data/wmimages/S/S2/S2_010.png?w=512
S2_097.png,https://cards.image.pokemonkorea.co.kr/data/wmimages/S/S2/S2_097.png?w=512
S4a_016.png,https://cards.image.pokemonkorea.co.kr/data/wmimages/S/S4a/S4a_016.png?w=512
S4a_306.png,https://cards.image.pokemonkorea.co.kr/data/wmimages/S/S4a/S4a_306.png?w=512
SEF_009.png,https://cards.image.pokemonkorea.co.kr/data/wmimages/S/SE/SEF_009.png?w=512
SI_039.png,https://cards.image.pokemonkorea.co.kr/data/wmimages/S/SI/SI_039.png?w=512
S6a_010.png,https://cards.image.pokemonkorea.co.kr/data/wmimages/S/S6a/S6a_010.png?w=512
SH_004_R.png,https://cards.image.pokemonkorea.co.kr/data/wmimages/S/SH/SH_004_R.png?w=512
SI_040.png,https://cards.image.pokemonkorea.co.kr/data/wmimages/S/SI/SI_040.png?w=512
SV7_009.png,https://cards.image.pokemonkorea.co.kr/data/wmimages/SV/SV7/SV7_009.png?w=512
