bw_hkr_002.jpg,https://cards.image.pokemonkorea.co.kr/data/wmimages/BW/BGR/bw_hkr_002.jpg?w=512
ebb_023.jpg,https://cards.image.pokemonkorea.co.kr/data/wmimages/BW/EBB/ebb_023.jpg?w=512
XY7_020.jpg,https://cards.image.pokemonkorea.co.kr/data/wmimages/XY/XY7/XY7_020.jpg?w=512
XY7_021.jpg,https://cards.image.pokemonkorea.co.kr/data/wmimages/XY/XY7/XY7_021.jpg?w=512
XY9_018.jpg,https://cards.image.pokemonkorea.co.kr/data/wmimages/XY/XY9/XY9_018.jpg?w=512
XY9_081.jpg,https://cards.image.pokemonkorea.co.kr/data/wmimages/XY/XY9/XY9_081.jpg?w=512
XY9_019.jpg,https://cards.image.pokemonkorea.co.kr/data/wmimages/XY/XY9/XY9_019.jpg?w=512
XY9_082.jpg,https://cards.image.pokemonkorea.co.kr/data/wmimages/XY/XY9/XY9_082.jpg?w=512
CP6_034.jpg,https://cards.image.pokemonkorea.co.kr/data/wmimages/XY/CP6/CP6_034.jpg?w=512
SM3N_009.png,https://cards.image.pokemonkorea.co.kr/data/wmimages/SM/SM3N/SM3N_009.png?w=512
SM4A_008.png,https://cards.image.pokemonkorea.co.kr/data/wmimages/SM/SM4A/SM4A_008.png?w=512
SM4A_051.png,https://cards.image.pokemonkorea.co.kr/data/wmimages/SM/SM4A/SM4A_051.png?w=512
SM6A_016.png,https://cards.image.pokemonkorea.co.kr/data/wmimages/SM/SM6A/SM6A_016.png?w=512
SMK_006.png,https://cards.image.pokemonkorea.co.kr/data/wmimages/SM/SMK/SMK_006.png?w=512
SM9_028.png,https://cards.image.pokemonkorea.co.kr/data/wmimages/SM/SM9/SM9_028.png?w=512
SML_015.png,https://cards.image.pokemonkorea.co.kr/data/wmimages/SM/SML_/SML_015.png?w=512
SMP_335.png,https://cards.image.pokemonkorea.co.kr/data/wmimages/SM/PROMO/SMP_335.png?w=512
S1a_021.png,https://cards.image.pokemonkorea.co.kr/data/wmimages/S/S1a/S1a_021.png?w=512
S7R_020.png,https://cards.image.pokemonkorea.co.kr/data/wmimages/S/S7/S7R_020.png?w=512
S7R_070.png,https://cards.image.pokemonkorea.co.kr/data/wmimages/S/S7/S7R_070.png?w=512
S7R_021.png,https://cards.image.pokemonkorea.co.kr/data/wmimages/S/S7/S7R_021.png?w=512
S10b_022.png,https://cards.image.pokemonkorea.co.kr/data/wmimages/S/S10b/S10b_022.png?w=512
SV1S_014.png,https://cards.image.pokemonkorea.co.kr/data/wmimages/SV/SV1S/SV1S_014.png?w=512
SV1S_091.png,https://cards.image.pokemonkorea.co.kr/data/wmimages/SV/SV1S/SV1S_091.png?w=512
SV1a_023.png,https://cards.image.pokemonkorea.co.kr/data/wmimages/SV/SV1a/SV1a_023.png?w=512
SV2a_130.png,https://cards.image.pokemonkorea.co.kr/data/wmimages/SV/SV2a/SV2a_130.png?w=512
XYpromo_121.png,https://cards.image.pokemonkorea.co.kr/data/wmimages/XY/PROMO/XYpromo_121.png?w=512
pr_kr_4.jpg,https://cards.image.pokemonkorea.co.kr/data/wmimages/DP/PROMO/pr_kr_4.jpg?w=512
bs5_ko_10.jpg,https://cards.image.pokemonkorea.co.kr/data/wmimages/DP/BS5/bs5_ko_10.jpg?w=512
