K1_Y_038.jpg,https://cards.image.pokemonkorea.co.kr/data/wmimages/XY/XY1/K1_Y_038.jpg?w=512
FXY_W_021.jpg,https://cards.image.pokemonkorea.co.kr/data/wmimages/XY/FXY/FXY_W_021.jpg?w=512
XY5_GV_050.jpg,https://cards.image.pokemonkorea.co.kr/data/wmimages/XY/XY5/XY5_GV_050.jpg?w=512
XY9_041.jpg,https://cards.image.pokemonkorea.co.kr/data/wmimages/XY/XY9/XY9_041.jpg?w=512
SM6_032.png,https://cards.image.pokemonkorea.co.kr/data/wmimages/SM/SM6/SM6_032.png?w=512
SM6_033.png,https://cards.image.pokemonkorea.co.kr/data/wmimages/SM/SM6/SM6_033.png?w=512
SM8a_042.png,https://cards.image.pokemonkorea.co.kr/data/wmimages/SM/SM8A/SM8a_042.png?w=512
SM8a_089.png,https://cards.image.pokemonkorea.co.kr/data/wmimages/SM/SM8A/SM8a_089.png?w=512
SM11_038.png,https://cards.image.pokemonkorea.co.kr/data/wmimages/SM/SM11/SM11_038.png?w=512
SM11_039.png,https://cards.image.pokemonkorea.co.kr/data/wmimages/SM/SM11/SM11_039.png?w=512
S1a_055.png,https://cards.image.pokemonkorea.co.kr/data/wmimages/S/S1a/S1a_055.png?w=512
S4a_129.png,https://cards.image.pokemonkorea.co.kr/data/wmimages/S/S4a/S4a_129.png?w=512
S5I_051.png,https://cards.image.pokemonkorea.co.kr/data/wmimages/S/S5/S5I_051.png?w=512
SV3a_045.png,https://cards.image.pokemonkorea.co.kr/data/wmimages/SV/SV3a/SV3a_045.png?w=512
SV4M_043.png,https://cards.image.pokemonkorea.co.kr/data/wmimages/SV/SV4M/SV4M_043.png?w=512
