bw8_sf_002.jpg,https://cards.image.pokemonkorea.co.kr/data/wmimages/BW/BW8/bw8_sf_002.jpg?w=512
XY6_002.jpg,https://cards.image.pokemonkorea.co.kr/data/wmimages/XY/XY6/XY6_002.jpg?w=512
SM4A_037.png,https://cards.image.pokemonkorea.co.kr/data/wmimages/SM/SM4A/SM4A_037.png?w=512
SM4A_054.png,https://cards.image.pokemonkorea.co.kr/data/wmimages/SM/SM4A/SM4A_054.png?w=512
SM4plus_078.png,https://cards.image.pokemonkorea.co.kr/data/wmimages/SM/SM4+/SM4plus_078.png?w=512
SM4plus_078.png,https://cards.image.pokemonkorea.co.kr/data/wmimages/SM/SM4+/SM4plus_078.png?w=512
SM6_002.png,https://cards.image.pokemonkorea.co.kr/data/wmimages/SM/SM6/SM6_002.png?w=512
SMP_102.png,https://cards.image.pokemonkorea.co.kr/data/wmimages/SM/PROMO/SMP_102.png?w=512
SM9_061.png,https://cards.image.pokemonkorea.co.kr/data/wmimages/SM/SM9/SM9_061.png?w=512
SM8b_096.png,https://cards.image.pokemonkorea.co.kr/data/wmimages/SM/SM8B/SM8b_096.png?w=512
SM10b_001.png,https://cards.image.pokemonkorea.co.kr/data/wmimages/SM/SM10b/SM10b_001.png?w=512
SM10b_055.png,https://cards.image.pokemonkorea.co.kr/data/wmimages/SM/SM10b/SM10b_055.png?w=512
SM10b_056.png,https://cards.image.pokemonkorea.co.kr/data/wmimages/SM/SM10b/SM10b_056.png?w=512
SM11_031.png,https://cards.image.pokemonkorea.co.kr/data/wmimages/SM/SM11/SM11_031.png?w=512
S3a_005.png,https://cards.image.pokemonkorea.co.kr/data/wmimages/S/S3a/S3a_005.png?w=512
S9_002.png,https://cards.image.pokemonkorea.co.kr/data/wmimages/S/S9/S9_002.png?w=512
S10b_005.png,https://cards.image.pokemonkorea.co.kr/data/wmimages/S/S10b/S10b_005.png?w=512
S10b_072.png,https://cards.image.pokemonkorea.co.kr/data/wmimages/S/S10b/S10b_072.png?w=512
S-P_162.png,https://cards.image.pokemonkorea.co.kr/data/wmimages/S/S-P/S-P_162.png?w=512
S11a_033.png,https://cards.image.pokemonkorea.co.kr/data/wmimages/S/S11a/S11a_033.png?w=512
SV2a_103.png,https://cards.image.pokemonkorea.co.kr/data/wmimages/SV/SV2a/SV2a_103.png?w=512
SVEM_003.png,https://cards.image.pokemonkorea.co.kr/data/wmimages/SV/SVEM/SVEM_003.png?w=512
bs8_ko_22.jpg,https://cards.image.pokemonkorea.co.kr/data/wmimages/DP/BS8/bs8_ko_22.jpg?w=512
bs2_kr_5.jpg,https://cards.image.pokemonkorea.co.kr/data/wmimages/DP/BS2/bs2_kr_5.jpg?w=512
