bw3_pd_021.jpg,https://cards.image.pokemonkorea.co.kr/data/wmimages/BW/BGR/bw3_pd_021.jpg?w=512
bw_bgz_005.jpg,https://cards.image.pokemonkorea.co.kr/data/wmimages/BW/BGZ/bw_bgz_005.jpg?w=512
XY2_027.jpg,https://cards.image.pokemonkorea.co.kr/data/wmimages/XY/XY2/XY2_027.jpg?w=512
SM5M_017.png,https://cards.image.pokemonkorea.co.kr/data/wmimages/SM/SM5M/SM5M_017.png?w=512
SM5M_018.png,https://cards.image.pokemonkorea.co.kr/data/wmimages/SM/SM5M/SM5M_018.png?w=512
S2_033.png,https://cards.image.pokemonkorea.co.kr/data/wmimages/S/S2/S2_033.png?w=512
S5R_030.png,https://cards.image.pokemonkorea.co.kr/data/wmimages/S/S5/S5R_030.png?w=512
SI_140.png,https://cards.image.pokemonkorea.co.kr/data/wmimages/S/SI/SI_140.png?w=512
SH_008_L.png,https://cards.image.pokemonkorea.co.kr/data/wmimages/S/SH/SH_008_L.png?w=512
S9_037.png,https://cards.image.pokemonkorea.co.kr/data/wmimages/S/S9/S9_037.png?w=512
S12_026.png,https://cards.image.pokemonkorea.co.kr/data/wmimages/S/S12/S12_026.png?w=512
SVC_005.png,https://cards.image.pokemonkorea.co.kr/data/wmimages/SV/SVC/SVC_005.png?w=512
SV2D_019.png,https://cards.image.pokemonkorea.co.kr/data/wmimages/SV/SV2D/SV2D_019.png?w=512
SV4a_059.png,https://cards.image.pokemonkorea.co.kr/data/wmimages/SV/SV4a/SV4a_059.png?w=512
SV4a_240.png,https://cards.image.pokemonkorea.co.kr/data/wmimages/SV/SV4a/SV4a_240.png?w=512
SV6_039.png,https://cards.image.pokemonkorea.co.kr/data/wmimages/SV/SV6/SV6_039.png?w=512
st1_kr_32.jpg,https://cards.image.pokemonkorea.co.kr/data/wmimages/DP/ST1/st1_kr_32.jpg?w=512
XYpromo_091.png,https://cards.image.pokemonkorea.co.kr/data/wmimages/XY/PROMO/XYpromo_091.png?w=512
bs4_ko_16.jpg,https://cards.image.pokemonkorea.co.kr/data/wmimages/DP/BS4/bs4_ko_16.jpg?w=512
