XY3_060.jpg,https://cards.image.pokemonkorea.co.kr/data/wmimages/XY/XY3/XY3_060.jpg?w=512
CP2_015.jpg,https://cards.image.pokemonkorea.co.kr/data/wmimages/XY/CP2/CP2_015.jpg?w=512
XYG_006.png,https://cards.image.pokemonkorea.co.kr/data/wmimages/XY/XYG/XYG_006.png?w=512
CP4_076.jpg,https://cards.image.pokemonkorea.co.kr/data/wmimages/XY/CP4/CP4_076.jpg?w=512
XY11B_048.jpg,https://cards.image.pokemonkorea.co.kr/data/wmimages/XY/XY11/XY11B_048.jpg?w=512
SM6_047.png,https://cards.image.pokemonkorea.co.kr/data/wmimages/SM/SM6/SM6_047.png?w=512
S1a_061.png,https://cards.image.pokemonkorea.co.kr/data/wmimages/S/S1a/S1a_061.png?w=512
SGI_010.png,https://cards.image.pokemonkorea.co.kr/data/wmimages/S/SG/SGI_010.png?w=512
SI_357.png,https://cards.image.pokemonkorea.co.kr/data/wmimages/S/SI/SI_357.png?w=512
SN_010.png,https://cards.image.pokemonkorea.co.kr/data/wmimages/S/SN/SN_010.png?w=512
S9a_043.png,https://cards.image.pokemonkorea.co.kr/data/wmimages/S/S9a/S9a_043.png?w=512
S12a_078.png,https://cards.image.pokemonkorea.co.kr/data/wmimages/S/S12a/S12a_078.png?w=512
S11_062.png,https://cards.image.pokemonkorea.co.kr/data/wmimages/S/S11/S11_062.png?w=512
SV1S_045.png,https://cards.image.pokemonkorea.co.kr/data/wmimages/SV/SV1S/SV1S_045.png?w=512
SV4a_106.png,https://cards.image.pokemonkorea.co.kr/data/wmimages/SV/SV4a/SV4a_106.png?w=512
SV4a_282.png,https://cards.image.pokemonkorea.co.kr/data/wmimages/SV/SV4a/SV4a_282.png?w=512
SV5a_046.png,https://cards.image.pokemonkorea.co.kr/data/wmimages/SV/SV5a/SV5a_046.png?w=512
XYpromo_010.jpg,https://cards.image.pokemonkorea.co.kr/data/wmimages/XY/PROMO/XYpromo_010.jpg?w=512
