XY2_058.jpg,https://cards.image.pokemonkorea.co.kr/data/wmimages/XY/XY2/XY2_058.jpg?w=512
XYpromo_024.jpg,https://cards.image.pokemonkorea.co.kr/data/wmimages/XY/PROMO/XYpromo_024.jpg?w=512
XY7_058.jpg,https://cards.image.pokemonkorea.co.kr/data/wmimages/XY/XY7/XY7_058.jpg?w=512
SM2L_038.png,https://cards.image.pokemonkorea.co.kr/data/wmimages/SM/SM2L/SM2L_038.png?w=512
SM6_065.png,https://cards.image.pokemonkorea.co.kr/data/wmimages/SM/SM6/SM6_065.png?w=512
SM6_066.png,https://cards.image.pokemonkorea.co.kr/data/wmimages/SM/SM6/SM6_066.png?w=512
S8_076.png,https://cards.image.pokemonkorea.co.kr/data/wmimages/S/S8/S8_076.png?w=512
S10a_053.png,https://cards.image.pokemonkorea.co.kr/data/wmimages/S/S10a/S10a_053.png?w=512
S10a_053_m.png,https://cards.image.pokemonkorea.co.kr/data/wmimages/S/S10a/S10a_053_m.png?w=512
S12a_112.png,https://cards.image.pokemonkorea.co.kr/data/wmimages/S/S12a/S12a_112.png?w=512
