bw5_blade_025.jpg,https://cards.image.pokemonkorea.co.kr/data/wmimages/BW/BW5/bw5_blade_025.jpg?w=512
XY8_RED_035.jpg,https://cards.image.pokemonkorea.co.kr/data/wmimages/XY/XY8/XY8_RED_035.jpg?w=512
CP4_069.jpg,https://cards.image.pokemonkorea.co.kr/data/wmimages/XY/CP4/CP4_069.jpg?w=512
XY8_RED_036.jpg,https://cards.image.pokemonkorea.co.kr/data/wmimages/XY/XY8/XY8_RED_036.jpg?w=512
SM4S_006.png,https://cards.image.pokemonkorea.co.kr/data/wmimages/SM/SM4S/SM4S_006.png?w=512
SM6_010.png,https://cards.image.pokemonkorea.co.kr/data/wmimages/SM/SM6/SM6_010.png?w=512
SM8b_040.png,https://cards.image.pokemonkorea.co.kr/data/wmimages/SM/SM8B/SM8b_040.png?w=512
SM10_046.png,https://cards.image.pokemonkorea.co.kr/data/wmimages/SM/SM10/SM10_046.png?w=512
SM10a_013.png,https://cards.image.pokemonkorea.co.kr/data/wmimages/SM/SM10a/SM10a_013.png?w=512
S5R_041.png,https://cards.image.pokemonkorea.co.kr/data/wmimages/S/S5/S5R_041.png?w=512
SI_215.png,https://cards.image.pokemonkorea.co.kr/data/wmimages/S/SI/SI_215.png?w=512
SV2a_105.png,https://cards.image.pokemonkorea.co.kr/data/wmimages/SV/SV2a/SV2a_105.png?w=512
SV7_049.png,https://cards.image.pokemonkorea.co.kr/data/wmimages/SV/SV7/SV7_049.png?w=512
XYpromo_129.png,https://cards.image.pokemonkorea.co.kr/data/wmimages/XY/PROMO/XYpromo_129.png?w=512
bs3_ko_23.jpg,https://cards.image.pokemonkorea.co.kr/data/wmimages/DP/BS3/bs3_ko_23.jpg?w=512
SM-P_164.png,https://cards.image.pokemonkorea.co.kr/data/wmimages/SM/PROMO/SM-P_164.png?w=512
