SM2K_022.png,https://cards.image.pokemonkorea.co.kr/data/wmimages/SM/SM2K/SM2K_022.png?w=512
SM2K_053.png,https://cards.image.pokemonkorea.co.kr/data/wmimages/SM/SM2K/SM2K_053.png?w=512
SM4plus_032.png,https://cards.image.pokemonkorea.co.kr/data/wmimages/SM/SM4+/SM4plus_032.png?w=512
SM4plus_032.png,https://cards.image.pokemonkorea.co.kr/data/wmimages/SM/SM4+/SM4plus_032.png?w=512
SM-P_154.png,https://cards.image.pokemonkorea.co.kr/data/wmimages/SM/PROMO/SM-P_154.png?w=512
SMP_023.png,https://cards.image.pokemonkorea.co.kr/data/wmimages/SM/PROMO/SMP_023.png?w=512
SMC_009.png,https://cards.image.pokemonkorea.co.kr/data/wmimages/SM/SMC/SMC_009.png?w=512
SM2plus_021.png,https://cards.image.pokemonkorea.co.kr/data/wmimages/SM/SM2+/SM2plus_021.png?w=512
SM2plus_084.png,https://cards.image.pokemonkorea.co.kr/data/wmimages/SM/SM2+/SM2plus_084.png?w=512
SM60B_008.png,https://cards.image.pokemonkorea.co.kr/data/wmimages/SM/SM60B/SM60B_008.png?w=512
SMI_015.png,https://cards.image.pokemonkorea.co.kr/data/wmimages/SM/SMI/SMI_015.png?w=512
SMP_018.png,https://cards.image.pokemonkorea.co.kr/data/wmimages/SM/PROMO/SMP_018.png?w=512
SMP_028.png,https://cards.image.pokemonkorea.co.kr/data/wmimages/SM/PROMO/SMP_028.png?w=512
SMD_007.png,https://cards.image.pokemonkorea.co.kr/data/wmimages/SM/SMD/SMD_007.png?w=512
SM7A_032.png,https://cards.image.pokemonkorea.co.kr/data/wmimages/SM/SM7A/SM7A_032.png?w=512
SM30A_026.png,https://cards.image.pokemonkorea.co.kr/data/wmimages/SM/SM30A/SM30A_026.png?w=512
SM8a_014.png,https://cards.image.pokemonkorea.co.kr/data/wmimages/SM/SM8A/SM8a_014.png?w=512
SM12a_049.png,https://cards.image.pokemonkorea.co.kr/data/wmimages/SM/SM12a/SM12a_049.png?w=512
SM11_028.png,https://cards.image.pokemonkorea.co.kr/data/wmimages/SM/SM11/SM11_028.png?w=512
SA_L_006.png,https://cards.image.pokemonkorea.co.kr/data/wmimages/S/SA/SA_L_006.png?w=512
S3_032.png,https://cards.image.pokemonkorea.co.kr/data/wmimages/S/S3/S3_032.png?w=512
S4a_053.png,https://cards.image.pokemonkorea.co.kr/data/wmimages/S/S4a/S4a_053.png?w=512
S5I_017.png,https://cards.image.pokemonkorea.co.kr/data/wmimages/S/S5/S5I_017.png?w=512
S5I_072.png,https://cards.image.pokemonkorea.co.kr/data/wmimages/S/S5/S5I_072.png?w=512
SI_149.png,https://cards.image.pokemonkorea.co.kr/data/wmimages/S/SI/SI_149.png?w=512
S5I_018.png,https://cards.image.pokemonkorea.co.kr/data/wmimages/S/S5/S5I_018.png?w=512
SI_150.png,https://cards.image.pokemonkorea.co.kr/data/wmimages/S/SI/SI_150.png?w=512
SV3a_019.png,https://cards.image.pokemonkorea.co.kr/data/wmimages/SV/SV3a/SV3a_019.png?w=512
SV3a_077.png,https://cards.image.pokemonkorea.co.kr/data/wmimages/SV/SV3a/SV3a_077.png?w=512
SV3a_086.png,https://cards.image.pokemonkorea.co.kr/data/wmimages/SV/SV3a/SV3a_086.png?w=512
