bw2_red_044.jpg,https://cards.image.pokemonkorea.co.kr/data/wmimages/BW/BW2/bw2_red_044.jpg?w=512
bw5_blade_022.jpg,https://cards.image.pokemonkorea.co.kr/data/wmimages/BW/BW5/bw5_blade_022.jpg?w=512
bw9_037.jpg,https://cards.image.pokemonkorea.co.kr/data/wmimages/BW/BW9/bw9_037.jpg?w=512
XY3_040.jpg,https://cards.image.pokemonkorea.co.kr/data/wmimages/XY/XY3/XY3_040.jpg?w=512
XY7_034.jpg,https://cards.image.pokemonkorea.co.kr/data/wmimages/XY/XY7/XY7_034.jpg?w=512
SM3plus_044.png,https://cards.image.pokemonkorea.co.kr/data/wmimages/SM/SM3+/SM3plus_044.png?w=512
SM12_031.png,https://cards.image.pokemonkorea.co.kr/data/wmimages/SM/SM12/SM12_031.png?w=512
SMP_327.png,https://cards.image.pokemonkorea.co.kr/data/wmimages/SM/PROMO/SMP_327.png?w=512
S3_040.png,https://cards.image.pokemonkorea.co.kr/data/wmimages/S/S3/S3_040.png?w=512
S6K_030.png,https://cards.image.pokemonkorea.co.kr/data/wmimages/S/S6/S6K_030.png?w=512
SI_186.png,https://cards.image.pokemonkorea.co.kr/data/wmimages/S/SI/SI_186.png?w=512
S9_058.png,https://cards.image.pokemonkorea.co.kr/data/wmimages/S/S9/S9_058.png?w=512
SV5K_035.png,https://cards.image.pokemonkorea.co.kr/data/wmimages/SV/SV5K/SV5K_035.png?w=512
