bw3_pd_014.jpg,https://cards.image.pokemonkorea.co.kr/data/wmimages/BW/BGR/bw3_pd_014.jpg?w=512
ebb_024.jpg,https://cards.image.pokemonkorea.co.kr/data/wmimages/BW/EBB/ebb_024.jpg?w=512
bw7_016.jpg,https://cards.image.pokemonkorea.co.kr/data/wmimages/BW/BW7/bw7_016.jpg?w=512
bw7_072.jpg,https://cards.image.pokemonkorea.co.kr/data/wmimages/BW/BW7/bw7_072.jpg?w=512
XY6_015.jpg,https://cards.image.pokemonkorea.co.kr/data/wmimages/XY/XY6/XY6_015.jpg?w=512
SMXY_017.png,https://cards.image.pokemonkorea.co.kr/data/wmimages/SM/SMXY/SMXY_017.png?w=512
XY6_016.jpg,https://cards.image.pokemonkorea.co.kr/data/wmimages/XY/XY6/XY6_016.jpg?w=512
CP4_023.jpg,https://cards.image.pokemonkorea.co.kr/data/wmimages/XY/CP4/CP4_023.jpg?w=512
SM6B_014.png,https://cards.image.pokemonkorea.co.kr/data/wmimages/SM/SM6B/SM6B_014.png?w=512
SM6B_067.png,https://cards.image.pokemonkorea.co.kr/data/wmimages/SM/SM6B/SM6B_067.png?w=512
SM8b_214.png,https://cards.image.pokemonkorea.co.kr/data/wmimages/SM/SM8B/SM8b_214.png?w=512
SM9_030.png,https://cards.image.pokemonkorea.co.kr/data/wmimages/SM/SM9/SM9_030.png?w=512
SM12a_034.png,https://cards.image.pokemonkorea.co.kr/data/wmimages/SM/SM12a/SM12a_034.png?w=512
SM10b_035.png,https://cards.image.pokemonkorea.co.kr/data/wmimages/SM/SM10b/SM10b_035.png?w=512
SM10b_059.png,https://cards.image.pokemonkorea.co.kr/data/wmimages/SM/SM10b/SM10b_059.png?w=512
SM10b_060.png,https://cards.image.pokemonkorea.co.kr/data/wmimages/SM/SM10b/SM10b_060.png?w=512
SM12a_102.png,https://cards.image.pokemonkorea.co.kr/data/wmimages/SM/SM12a/SM12a_102.png?w=512
S5a_025.png,https://cards.image.pokemonkorea.co.kr/data/wmimages/S/S5a/S5a_025.png?w=512
S8b_060.png,https://cards.image.pokemonkorea.co.kr/data/wmimages/S/S8b/S8b_060.png?w=512
S8b_230.png,https://cards.image.pokemonkorea.co.kr/data/wmimages/S/S8b/S8b_230.png?w=512
SI_169.png,https://cards.image.pokemonkorea.co.kr/data/wmimages/S/SI/SI_169.png?w=512
S7D_012.png,https://cards.image.pokemonkorea.co.kr/data/wmimages/S/S7/S7D_012.png?w=512
S12a_049.png,https://cards.image.pokemonkorea.co.kr/data/wmimages/S/S12a/S12a_049.png?w=512
S12a_182.png,https://cards.image.pokemonkorea.co.kr/data/wmimages/S/S12a/S12a_182.png?w=512
S10b_024.png,https://cards.image.pokemonkorea.co.kr/data/wmimages/S/S10b/S10b_024.png?w=512
S11a_024.png,https://cards.image.pokemonkorea.co.kr/data/wmimages/S/S11a/S11a_024.png?w=512
SV2a_144.png,https://cards.image.pokemonkorea.co.kr/data/wmimages/SV/SV2a/SV2a_144.png?w=512
bs1_kr_21.jpg,https://cards.image.pokemonkorea.co.kr/data/wmimages/DP/BS1/bs1_kr_21.jpg?w=512
