SMA_006.png,https://cards.image.pokemonkorea.co.kr/data/wmimages/SM/SMA/SMA_006.png?w=512
SM1M_007.png,https://cards.image.pokemonkorea.co.kr/data/wmimages/SM/SM1M/SM1M_007.png?w=512
SM3N_039.png,https://cards.image.pokemonkorea.co.kr/data/wmimages/SM/SM3N/SM3N_039.png?w=512
SM4plus_075.png,https://cards.image.pokemonkorea.co.kr/data/wmimages/SM/SM4+/SM4plus_075.png?w=512
SM4plus_075.png,https://cards.image.pokemonkorea.co.kr/data/wmimages/SM/SM4+/SM4plus_075.png?w=512
SM7B_036.png,https://cards.image.pokemonkorea.co.kr/data/wmimages/SM/SM7B/SM7B_036.png?w=512
SM7B_084.png,https://cards.image.pokemonkorea.co.kr/data/wmimages/SM/SM7B/SM7B_084.png?w=512
SMP2_004.png,https://cards.image.pokemonkorea.co.kr/data/wmimages/SM/SMP2/SMP2_004.png?w=512
SMP2_mirror_004.png,https://cards.image.pokemonkorea.co.kr/data/wmimages/SM/SMP2/SMP2_mirror_004.png?w=512
S2a_034.png,https://cards.image.pokemonkorea.co.kr/data/wmimages/S/S2a/S2a_034.png?w=512
